{
	"2": {
		"activate": true,
		"rules": "а \nах \nаааа",
		"banned": [],
		"users": {
			"339414555": {
				"warns": 0,
				"isBanned": false,
				"permanently": false,
				"group": 0,
				"reason": ""
			},
			"474668811": {
				"warns": 0,
				"isBanned": false,
				"permanently": false,
				"group": 4
			},
			"480886945": {
				"warns": 0,
				"isBanned": false,
				"permanently": false,
				"group": 0,
				"reason": ""
			},
			"513827111": {
				"warns": 0,
				"isBanned": false,
				"permanently": false,
				"group": 4
			},
			"515918180": {
				"warns": 0,
				"isBanned": true,
				"permanently": false,
				"group": 0,
				"reason": "Ссылки на подозрительные ресурсы"
			}
		},
		"flood": 270,
		"title": "Тест"
	},
	"3": {
		"activate": false,
		"banned": [],
		"users": {
			"324836188": {
				"warns": 0,
				"isBanned": false,
				"permanently": false,
				"group": 4
			},
			"474668811": {
				"warns": 0,
				"isBanned": false,
				"permanently": false,
				"group": 4
			},
			"515918180": {
				"warns": 0,
				"isBanned": false,
				"permanently": false,
				"group": 0
			}
		}
	},
	"6": {
		"activate": true,
		"banned": [],
		"users": {
			"183224722": {
				"warns": 0,
				"isBanned": false,
				"permanently": false,
				"group": 0
			},
			"211304579": {
				"warns": 0,
				"isBanned": false,
				"permanently": false,
				"group": 4,
				"warn": 0,
				"reason": ""
			},
			"216498781": {
				"warns": 0,
				"isBanned": false,
				"permanently": false,
				"group": 0,
				"warn": null
			},
			"306424623": {
				"warns": 0,
				"isBanned": false,
				"permanently": false,
				"group": 0
			},
			"335867092": {
				"warns": 0,
				"isBanned": false,
				"permanently": false,
				"group": 0
			},
			"336008129": {
				"warns": 0,
				"isBanned": false,
				"permanently": false,
				"group": 0
			},
			"339414555": {
				"warns": 0,
				"isBanned": false,
				"permanently": false,
				"group": 4
			},
			"351028206": {
				"warns": 0,
				"isBanned": false,
				"permanently": false,
				"group": 0
			},
			"400460833": {
				"warns": 0,
				"isBanned": false,
				"permanently": false,
				"group": 0
			},
			"418609690": {
				"warns": 0,
				"isBanned": false,
				"permanently": false,
				"group": 0
			},
			"428093884": {
				"warns": 0,
				"isBanned": false,
				"permanently": false,
				"group": 4,
				"warn": null
			},
			"438486523": {
				"warns": 0,
				"isBanned": false,
				"permanently": false,
				"group": 0
			},
			"454175975": {
				"warns": 0,
				"isBanned": false,
				"permanently": false,
				"group": 0
			},
			"474668811": {
				"warns": 0,
				"isBanned": false,
				"permanently": false,
				"group": 4
			},
			"485900486": {
				"warns": 0,
				"isBanned": false,
				"permanently": false,
				"group": 0
			}
		}
	},
	"9": {
		"activate": false,
		"banned": [],
		"users": {
			"405193377": {
				"warns": 0,
				"isBanned": false,
				"permanently": false,
				"group": 4
			},
			"442217643": {
				"warns": 0,
				"isBanned": false,
				"permanently": false,
				"group": 4
			},
			"473292612": {
				"warns": 0,
				"isBanned": false,
				"permanently": false,
				"group": 4
			}
		}
	},
	"10": {
		"activate": false,
		"banned": [],
		"users": {
			"454175975": {
				"warns": 0,
				"isBanned": false,
				"permanently": false,
				"group": 4
			},
			"480886945": {
				"warns": 0,
				"isBanned": false,
				"permanently": false,
				"group": 4
			},
			"-153955265": {
				"warns": 0,
				"isBanned": false,
				"permanently": false,
				"group": 0
			}
		}
	},
	"11": {
		"activate": false,
		"banned": [],
		"users": {
			"390894806": {
				"warns": 0,
				"isBanned": false,
				"permanently": false,
				"group": 0
			},
			"495575926": {
				"warns": 0,
				"isBanned": false,
				"permanently": false,
				"group": 0
			}
		}
	},
	"12": {
		"activate": false,
		"banned": [],
		"users": {
			"480886945": {
				"warns": 0,
				"isBanned": false,
				"permanently": false,
				"group": 4
			},
			"492268536": {
				"warns": 0,
				"isBanned": false,
				"permanently": false,
				"group": 4
			}
		}
	},
	"13": {
		"activate": true,
		"banned": [],
		"users": {
			"473292612": {
				"warns": 0,
				"isBanned": false,
				"permanently": false,
				"group": 4
			},
			"474668811": {
				"warns": 0,
				"isBanned": false,
				"permanently": false,
				"group": 4
			}
		}
	},
	"14": {
		"activate": true,
		"banned": [],
		"users": {
			"303918580": {
				"warns": 0,
				"isBanned": false,
				"permanently": false,
				"group": 0
			},
			"314330172": {
				"warns": 0,
				"isBanned": false,
				"permanently": false,
				"group": 0
			},
			"342861059": {
				"warns": 0,
				"isBanned": false,
				"permanently": false,
				"group": 0
			},
			"462951787": {
				"warns": 0,
				"isBanned": false,
				"permanently": false,
				"group": 4
			},
			"473292612": {
				"warns": 0,
				"isBanned": false,
				"permanently": false,
				"group": 0,
				"warn": null
			},
			"474668811": {
				"warns": 0,
				"isBanned": false,
				"permanently": false,
				"group": 4
			},
			"485897289": {
				"warns": 0,
				"isBanned": false,
				"permanently": false,
				"group": 0
			},
			"504409265": {
				"warns": 0,
				"isBanned": false,
				"permanently": false,
				"group": 0
			}
		}
	},
	"15": {
		"activate": false,
		"banned": [],
		"users": {
			"183105805": {
				"warns": 0,
				"isBanned": false,
				"permanently": false,
				"group": 0
			},
			"263128508": {
				"warns": 0,
				"isBanned": false,
				"permanently": false,
				"group": 0
			},
			"314330172": {
				"warns": 0,
				"isBanned": false,
				"permanently": false,
				"group": 4
			},
			"450272827": {
				"warns": 0,
				"isBanned": false,
				"permanently": false,
				"group": 0
			},
			"464461786": {
				"warns": 0,
				"isBanned": false,
				"permanently": false,
				"group": 4
			},
			"466588985": {
				"warns": 0,
				"isBanned": false,
				"permanently": false,
				"group": 0
			},
			"473292612": {
				"warns": 0,
				"isBanned": false,
				"permanently": false,
				"group": 0
			},
			"474668811": {
				"warns": 0,
				"isBanned": false,
				"permanently": false,
				"group": 0,
				"warn": null
			}
		}
	},
	"off": {
		"activate": true,
		"banned": [],
		"users": {
			"319884080": {
				"warns": 0,
				"isBanned": false,
				"permanently": false,
				"group": 4
			},
			"474668811": {
				"warns": 0,
				"isBanned": false,
				"permanently": false,
				"group": 4
			}
		}
	}
}